編號,name,別稱,標高M,三角點,緯度N,經度E,圖名,圖號,山脈,轄區,轄區,區域,備註,latitude,longitude
1,玉山,新高山,3952,一等,244806.455,2596535.633,玉山,9519-1.NE,玉山山脈,南投信義,嘉義阿里山,高雄桃源,,23.470001917,120.957273921
2,玉山東峰,天壘峰,3869,,245664,2596621,玉山,9519-1.NE,玉山山脈,南投信義,高雄桃源,,,23.470774869,120.965668322
3,玉山北峰,天駝峰,3858,內埔5,245052,2598468,玉山,9519-1.NE,玉山山脈,南投信義,,,,23.487452118,120.959672282
4,玉山北北峰,北北山,3833,,244984,2598870,玉山,9519-1.NE,玉山山脈,南投信義,,,,23.491082059,120.959005413
5,玉山南峰,天龍峰,3844,,244960,2593942,玉山,9519-1.NE,玉山山脈,高雄桃源,,,,23.446581369,120.95878426
6,玉山圓峰,,3752,,244342,2595325,玉山,9519-1.NE,玉山山脈,高雄桃源,日稱南峰,,,23.45906839,120.952731214
7,玉山南山三叉峰,南山,3807,,244608,2594165,玉山,9519-1.NE,玉山山脈,高雄桃源,,,,23.448594153,120.955338425
8,玉山小南山,小南山,3582,,242718,2593330,玉山,9519-1.NE,玉山山脈,高雄桃源,,,,23.441047558,120.936843584
9,南玉山,,3383,二等1685,241497.966,2592026.986,玉山,9519-1.NE,玉山山脈,高雄桃源,,,,23.429275802,120.924909797
10,東小南山,,3711,三等7541,245432.526,2593106.328,玉山,9519-1.NE,玉山山脈,高雄桃源,,,,23.439036245,120.96341113
11,鹿山,,2981,三等7542,247994,2594392,玉山,9519-1.NE,玉山山脈,高雄桃源,基點2981,山頭3165,,23.45064997,120.988478826
12,西山,玉山西峰,3490,新中橫5號,242450,2596805,玉山,9519-1.NE,玉山西伸分支,南投信義,嘉義阿里山,,,23.472426316,120.934205129
13,前山,玉山前鋒,3239,內補359,240760.242,2597157.926,玉山,9519-1.NE,玉山西伸分支,南投信義,嘉義阿里山,,,23.475605432,120.917661636
14,郡大山,,3292,森.二1694,245330,2608425,同富,9520-2.SE,玉山郡大山列,南投信義,,,,23.577365374,120.962368447
15,郡大山北峰,,3241,,244772,2609596,同富,9520-2.SE,玉山郡大山列,南投信義,,,,23.587938117,120.956898239
16,望鄉山,,3007,森林,243497,2610272,同富,9520-2.SE,玉山郡大山列,南投信義,,,,23.59403844,120.944403428
17,清水山,,3048,森林,245495,2616095,巒安堂,9520-2.NE,玉山郡大山列,南投信義,,,,23.646625819,120.96396603
18,清水山南峰,,3018,,245823,2615201,巒安堂,9520-2.NE,玉山郡大山列,南投信義,,,,23.638553749,120.967183165
19,金子山,郡坑山東峰,3005,二等1697,244349,2618781,巒安堂,9520-2.NE,玉山郡大山列,南投信義,基點2928,,,23.670877219,120.95272399
20,巒大山,西巒大山,3081,森林,243783,2621344,巒安堂,9520-2.NE,玉山郡大山列,南投信義,,,,23.69401909,120.947165614
21,白姑大山,白狗大山,3342,一等,260239.647,2677680.277,青山,9621-3.NW,雪山白狗山列,南投仁愛,台中和平,,,24.202683461,121.108961576
22,白姑大山西峰,,3251,,258717,2676353,青山,9621-3.NW,雪山白狗山列,南投仁愛,台中和平,,,24.190709059,121.093963475
23,白姑大山西南峰,,3171,,258461,2675675,青山,9621-3.NW,雪山白狗山列,南投仁愛,台中和平,,,24.184588718,121.091439218
24,白姑大山東峰,,3036,,264144,2678811,力行,9621-3.NE,雪山白狗山列,南投仁愛,台中和平,,,24.212860729,121.147408705
25,白姑大山中峰,,3049,,263689,2678064,力行,9621-3.NE,雪山白狗山列,南投仁愛,台中和平,P.14.,,24.206120134,121.142921699
26,白姑大山東南峰,,3035,,262371,2677075,青山,9621-3.NW,雪山白狗山列,南投仁愛,台中和平,,,24.197201792,121.129937594
27,雪山,次高山,3886,一等,272679.921,2697710.422,興隆山,9621-4.NE,雪山山脈,台中和平,苗栗泰安,,,24.383401356,121.231754457
28,雪山南峰,,3505,,273239,2696538,梨山,9621-4.SE,志佳陽支脈,台中和平,,,,24.372807002,121.237246175
29,志佳陽大山,,3345,,274352,2695147,梨山,9621-4.SE,志佳陽支脈,台中和平,,,,24.360230055,121.248192846
30,志佳陽大山基點,,3289,三等6303,274670.165,2694876.154,梨山,9621-4.SE,志佳陽支脈,台中和平,,,,24.357779412,121.251323953
31,甘木林山,馬特蘭山,3666,,274115,2698290,興隆山,9621-4.NE,雪山東支脈,台中和平,,,,24.388612069,121.245911773
32,雪山東峰,明間山,3201,三等6304,276768.675,2698303.296,南山,9621-1.NW,雪山東支脈,台中和平,,,,24.388687393,121.272073323
33,雪山北角峰,北稜角,3880,,272613,2698166,興隆山,9621-4.NE,雪山山脈,台中和平,苗栗泰安,,,24.387515784,121.231102221
34,凱蘭特崑山,卡南達崑山,3731,,272927,2699045,興隆山,9621-4.NE,雪山山脈,台中和平,苗栗泰安,,,24.395447528,121.234212404
35,凱蘭特崑山北峰,,3667,,272976,2699339,興隆山,9621-4.NE,雪山山脈,台中和平,苗栗泰安,,,24.398101306,121.234700403
36,雪山北峰,羽利羽利山,3703,三等6305,273550.506,2701181.012,興隆山,9621-4.NE,雪山山脈,台中和平,苗栗泰安,,,24.414723922,121.240396099
37,林專山,,3053,,272006,2701842,興隆山,9621-4.NE,雪山山脈,苗栗泰安,,,,24.420715391,121.225176989
38,穆特勒布山,牟特多布山,3626,,274453,2702320,興隆山,9621-4.NE,雪山山脈,苗栗泰安,台中和平,,,24.424993409,121.249315395
39,素密達山,詩美塔山,3517,,275032,2702327,興隆山,9621-4.NE,雪山山脈,苗栗泰安,台中和平,,,24.425047097,121.255025242
40,布秀蘭山,坡斯蘭山,3438,,275506,2702767,南山,9621-1.NW,雪山山脈,苗栗泰安,新竹尖石,台中和平,,24.429011884,121.259707654
41,品田山,波秦西崙山,3524,,276227,2702680,南山,9621-1.NW,雪山山脈,台中和平,新竹尖石,,,24.428213995,121.266816251
42,品田山前峰,新達山,3442,,276521,2702583,南山,9621-1.NW,雪山山脈,台中和平,新竹尖石,,,24.427333047,121.269713695
43,池有山,玉羅府山,3303,三等6317,278388.664,2703004.217,南山,9621-1.NW,雪山山脈,台中和平,新竹尖石,,,24.431102233,121.288140315
44,桃山,,3325,三等6327,280087.539,2703176.075,南山,9621-1.NW,雪山山脈,台中和平,新竹尖石,,,24.432621088,121.304897983
45,詩崙山,,3194,,281005,2703827,南山,9621-1.NW,雪山山脈,新竹尖石,台中和平,,,24.438479716,121.313960435
46,喀拉業山,加留坪山,3133,二等1549,281745.052,2705100.242,南山,9621-1.NW,雪山山脈,新竹尖石,宜蘭大同,,,24.449960337,121.321288219
47,巴沙拉雲山,巴撒拉雲山,3402,森林,275374,2703774,南山,9621-1.NW,大霸尖支脈,新竹尖石,苗栗泰安,,,24.438106256,121.258424444
48,大霸尖山,酒桶山,3492,二等1540,275330.034,2705948.74,興隆山,9621-4.NE,大霸尖支脈,新竹尖石,苗栗泰安,,,24.457742558,121.258030815
49,東霸尖山,龜甲山,3365,,276757,2705951,興隆山,9621-4.NE,大霸尖支脈,新竹尖石,,,,24.457738284,121.272106285
50,小霸尖山,,3418,,274731,2705699,興隆山,9621-4.NE,大霸尖支脈,苗栗泰安,,,,24.455497646,121.252117519
51,中霸尖山,,3392,,275028,2706691,興隆山,9621-4.NE,大霸尖支脈,新竹尖石,苗栗泰安,,,24.464449413,121.255065081
52,伊澤山,江澤山,3297,三等6251,273964.976,2707302.432,興隆山,9621-4.NE,大霸尖支脈,新竹尖石,苗栗泰,安,,24.469987309,121.244589631
53,耶巴奧山,牙拉巴烏山,3192,,272623,2706951,興隆山,9621-4.NE,加利山支稜,苗栗泰安,,,,24.466835106,121.231345427
54,加利山,麥巴拉邊山,3112,三等6619,271088.612,2706136.159,興隆山,9621-4.NE,加利山支稜,苗栗泰安,基點3089,,,24.459500372,121.216196705
55,翠池三叉山,翠池山,3585,,271021,2697249,興隆山,9621-4.NE,雪山山脈,台中和平,苗栗泰安,,,24.379259294,121.215393524
56,雪山西南峰,,3471,,270036,2698402,梨山,9621-4.SE,大劍山支脈,台中和平,,,,24.389683259,121.205700414
57,大劍山,巴多瓦諾敏山,3594,三等6610,269515.484,2693002.903,梨山,9621-4.SE,大劍山支脈,台中和平,,,,24.340941378,121.200491989
58,劍南尖,,3047,,270413,2691595,梨山,9621-4.SE,大劍山支脈,台中和平,,,,24.328217349,121.209315995
59,布伕奇寒山,,3280,,269521,2690467,梨山,9621-4.SE,大劍山支脈,台中和平,,,,24.318044382,121.200510314
60,油婆蘭山,,3308,,270059,2690953,梨山,9621-4.SE,大劍山支脈,台中和平,,,,24.322425435,121.205818362
61,佳陽山,阿都般山,3314,二等1462,268252.614,2689201.363,梨山,9621-4.SE,大劍山支脈,台中和平,,,,24.306632775,121.187995937
62,劍山,小劍山,3253,,266448,2687974,梨山,9621-4.SE,大劍山支脈,台中和平,,,,24.295571698,121.170201692
63,博可爾山,雪山西峰,3265,,269025,2699173,興隆山,9621-4.NE,雪山山脈,台中和平,苗栗泰安,,,24.396657846,121.195744054
64,博可爾山基點峰,,3260,,269660,2699271,興隆山,9621-4.NE,雪山山脈,台中和平,苗栗泰安,,,24.397534469,121.202006042
65,火石山,,3310,三等6613,266928.606,2697538.16,興隆山,9621-4.NE,雪山山脈,台中和平,苗栗泰安,,,24.381922107,121.175054969
66,大南山,塔浪山,3239,森林,266274,2695332,梨山,9621-4.SE,雪山山脈,台中和平,苗栗泰安,,,24.362009859,121.16857542
67,大南山北峰,,3148,,266856,2696080,梨山,9621-4.SE,雪山山脈,台中和平,苗栗泰安,,,24.368757118,121.174321164
68,弓水山,咁木哇浪山,3374,,265108,2695076,梨山,9621-4.SE,雪山山脈,台中和平,苗栗泰安,,,24.359710755,121.15707987
69,頭鷹山,,3510,三等6612,263448.444,2695062.723,梨山,9621-4.SE,雪山山脈,台中和平,苗栗泰安,,,24.359606939,121.140722582
70,頭鷹山北峰,,3195,,262834,2696666,梨山,9621-4.SE,頭鷹山支脈,苗栗泰安,,,,24.374088566,121.134681739
71,奇峻山,,3519,,263135,2694512,梨山,9621-4.SE,雪山山脈,台中和平,苗栗泰安,,,24.354637243,121.137627794
72,釜碗山西峰,,3417,森林,263992,2693133,梨山,9621-4.SE,雪山山脈,台中和平,,,,24.342178207,121.14606006
73,釜碗山,,3000,三等6609,265775,2692059,梨山,9621-4.SE,雪山山脈,台中和平,2999M,,,24.332463008,121.163619037
74,大雪山北峰,,3437,,261853,2693118,小雪山,9621-4.SW,雪山山脈,台中和平,,,,24.342061601,121.124980098
75,大雪山,復興山,3530,二等1545,261468.676,2691864.928,小雪山,9621-4.SW,雪山山脈,台中和平,苗栗泰安,,,24.330750526,121.121181826
76,匹匹達山,,3425,,260864,2691651,小雪山,9621-4.SW,雪山山脈,台中和平,苗栗泰安,,,24.328823582,121.115221533
77,可汗山,湖畔山,3027,,258673,2690604,小雪山,9621-4.SW,雪山山脈,台中和平,苗栗泰安,,,24.319384916,121.093624539
78,知馬漢山北峰,,3085,,257935,2690406,小雪山,9621-4.SW,雪山山脈,台中和平,苗栗泰安,,,24.317601453,121.086351633
79,志摩山,,3145,,257432,2691123,小雪山,9621-4.SW,雪山山脈,台中和平,苗栗泰安,,,24.324078097,121.081399654
80,中雪山,,3173,三等6611,257092.222,2692495.892,小雪山,9621-4.SW,雪山山脈,苗栗泰安,苗栗泰安,,,24.336475899,121.078059208
81,南湖大山,,3742,一等,293746.759,2695369.487,南湖大山,9621-1.SE,中央山脈主脊,台中和平,花蓮秀林,,,24.36180545,121.439358777
82,南湖大山東峰,,3632,,294892,2695826,南湖大山,9621-1.SE,中央山脈主脊,台中和平,花蓮秀林,宜蘭南澳,,24.3658941,121.450661148
83,南湖大山東北峰,,3505,,294514,2696923,南湖大山,9621-1.SE,中央山脈主脊,台中和平,宜蘭南澳,,,24.375809759,121.44697018
84,南湖大山北峰,,3592,,293995,2696722,四季,9621-1.NE,中央山脈主脊,台中和平,宜蘭南澳,,,24.374009965,121.441847921
85,南湖北山,巴油山,3536,三等6330,293517.154,2697790.284,四季,9621-1.NE,中央山脈主脊,台中和平,宜蘭大同,宜蘭南澳,,24.383668983,121.437170868
86,巴都服山,庚勾巴油山,3345,,293688,2698729,四季,9621-1.NE,中央山脈主脊,宜蘭大同,宜蘭南澳,,,24.392139613,121.43888433
87,拔托諾府山,拔托諾山,3165,,293965,2699660,四季,9621-1.NE,中央山脈主脊,宜蘭大同,宜蘭南澳,,,24.400537496,121.441644386
88,審馬陣山,夜珍加羅穗山,3141,三等6325,291517.645,2697400.864,四季,9621-1.NE,南湖北山分支脈,台中和平,宜蘭大同,,,24.380208558,121.417448239
89,陶賽峰,,3450,,295894,2695030,南湖大山,9621-1.SE,馬比杉支脈,宜蘭南澳,花蓮秀林,,,24.358677474,121.460511388
90,南湖大山東南峰,,3462,,296343,2694711,南湖大山,9621-1.SE,馬比杉支脈,宜蘭南澳,花蓮秀林,,,24.355783775,121.464926197
91,馬比杉山,馬眉三山,3211,三等6336,298446.903,2693892.105,南湖大山,9621-1.SE,馬比杉支脈,宜蘭南澳,花蓮秀林,,,24.348325141,121.485633486
92,南湖大山中南峰,,3586,,294449,2695212,南湖大山,9621-1.SE,中央山脈支脈,花蓮秀林,,,,24.360363309,121.446275247
93,南湖大山南峰,南湖南山,3475,,293267,2693815,南湖大山,9621-1.SE,中央山脈主脊,台中和平,花蓮秀林,,,24.347783825,121.434582224
94,巴巴山,,3264,三等6339,293597.377,2693220.936,南湖大山,9621-1.SE,中央山脈主脊,台中和平,花蓮秀林,,,24.342410733,121.4378197
95,巴巴山南峰,,3291,,293083,2692525,南湖大山,9621-1.SE,中央山脈主脊,台中和平,花蓮秀林,,,24.336141751,121.432729292
96,中央尖山東峰,,3580,,292203,2689446,南湖大山,9621-1.SE,中央山脈主脊,台中和平,花蓮秀林,,,24.3083662,121.423965051
97,中央尖山,,3705,三等6015,291414.272,2689649.624,南湖大山,9621-1.SE,中央山脈主脊,台中和平,花蓮秀林,,,24.310226204,121.416200392
98,中央尖山西峰,,3412,,290260,2689488,南湖大山,9621-1.SE,中央山脈主脊,台中和平,花蓮秀林,,,24.308797651,121.40482353
99,甘藷峰,中央南峰,3158,三等6362,288742.789,2687445.235,南湖大山,9621-1.SE,中央山脈主脊,台中和平,花蓮秀林,,,24.290392675,121.389819309
100,甘藷南峰,,3157,,287772,2686293,環山,9621-1.SW,中央山脈主脊,台中和平,花蓮秀林,,,24.280013367,121.380225284
101,鬼門關峰,,3395,,288302,2684606,南湖大山,9621-1.SE,中央山脈主脊,台中和平,花蓮秀林,,,24.264768264,121.38539983
102,無明山,屈社山,3451,二等1450,288230.021,2683561.84,南湖大山,9621-1.SE,中央山脈主脊,台中和平,花蓮秀林,,,24.255342302,121.384662552
103,無明山東峰,,3187,,289135,2683550,南湖大山,9621-1.SE,中央山脈支脈,花蓮秀林,,,,24.2552126,121.393574534
104,無明山西峰,,3225,,286981,2683448,南湖大山,9621-1.SE,中央山脈支脈,台中和平,花蓮秀林,,,24.254345043,121.372359074
105,鈴鳴山,,3272,三等6373,284880.677,2682338.854,大禹嶺,9621-2.NW,中央山脈主脊,台中和平,花蓮秀林,,,24.2443797,121.351647468
106,人待山,,3110,,283696,2683094,大禹嶺,9621-2.NW,中央山脈支脈,台中和平,,,,24.251224496,121.339999731
107,閂山,,3168,二等1467,280634.379,2683915.649,環山,9621-1.SW,中央山脈支脈,台中和平,,,,24.258707653,121.30986735
108,畢祿山,,3371,三等6368,284433.635,2678926.496,大禹嶺,9621-2.NW,中央山脈主脊,花蓮秀林,南投仁愛,,,24.213579258,121.347161755
109,北畢祿山,,3193,,283988,2680073,大禹嶺,9621-2.NW,中央山脈主脊,花蓮秀林,南投仁愛,,,24.223941123,121.342802218
110,鋸山,,3275,,285288,2678637,大禹嶺,9621-2.NW,羊頭山支脈,花蓮秀林,,,,24.21094596,121.355565652
111,鋸山東峰,,3035,,286854,2678170,大禹嶺,9621-2.NW,羊頭山支脈,花蓮秀林,,,,24.206692598,121.370970244
112,羊頭山,,3035,三等6354,287746.925,2678346.457,大禹嶺,9621-2.NW,羊頭山支脈,花蓮秀林,,,,24.208264187,121.379765241
113,畢祿山南峰,,3041,,284673,2677720,大禹嶺,9621-2.NW,羊頭山支脈,花蓮秀林,南投仁愛,,,24.202680258,121.349488573
114,北合歡山,,3422,二等1451,277780.05,2675358.298,大禹嶺,9621-3.NE,中央山脈主脊,花蓮秀林,南投仁愛,,,24.181496496,121.281586718
115,西合歡山,,3145,三等6390,274015.331,2674920.786,力行,9621-2.NE,西合歡山支脈,南投仁愛,,,,24.177610025,121.244524803
116,石門山,,3237,三等6389,278091.433,2672140.277,大禹嶺,9621-3.NE,中央山脈主脊,花蓮秀林,南投仁愛,,,24.152434532,121.284587099
117,石門山北峰,,3275,,277682,2672668,大禹嶺,9621-3.NE,中央山脈主脊,花蓮秀林,南投仁愛,,,24.157206937,121.280568565
118,合歡尖山,,3217,,278008,2671264,大禹嶺,9621-3.NE,中央山脈主脊,花蓮秀林,南投仁愛,,,24.144523929,121.283748623
119,合歡山,合歡山主峰,3417,三等6388,276729.652,2671051.897,大禹嶺,9621-3.NE,中央山脈主脊,南投仁愛,,,,24.142631658,121.271166033
120,合歡山東峰,,3421,,277734,2670283,大禹嶺,9621-3.NE,合歡山支脈,花蓮秀林,南投仁愛,,,24.135671202,121.281033184
121,奇萊主山北峰,,3607,一等,283176.681,2668375.391,能高山,9621-3.SW,屏風山支脈,花蓮秀林,,,,24.118338979,121.334538821
122,屏風山,,3250,三等6378,284021.668,2671803.656,大禹嶺,9621-3.NE,屏風山支脈,花蓮秀林,,,,24.149275124,121.342934031
123,屏風山南峰,,3183,,283172,2670378,大禹嶺,9621-3.NE,屏風山支脈,花蓮秀林,,,,24.136421118,121.334539795
124,磐石山,苫原山,3106,三等5986,288645.498,2666882.052,龍澗,9621-2.SE,太魯閣大山支脈,花蓮秀林,,,,24.104728019,121.388298183
125,磐石山中峰,,3154,,286848,2666926,龍澗,9621-2.SE,太魯閣大山支脈,花蓮秀林,,,,24.105168738,121.370618152
126,磐石山西峰,,3335,,285458,2667363,龍澗,9621-2.SE,太魯閣大山支脈,花蓮秀林,,,,24.109147064,121.35695622
127,太魯閣大山,,3283,二等1463,291976.085,2664050.768,龍澗,9621-2.SE,太魯閣大山支脈,花蓮秀林,,,,24.079077059,121.420976009
128,太魯閣大山西峰,,3121,,291002,2863921,龍澗,9621-2.SE,太魯閣大山支脈,花蓮秀林,,,,25.883558474,121.417444757
129,立霧主山,,3070,三等5981,294474.272,2669135.025,天祥,9621-2.NE,太魯閣大山支脈,花蓮秀林,升二等測量,,,24.124913983,121.445703326
130,帕托魯山,,3101,三等5985,296607.871,2666320.758,龍澗,9621-2.SE,太魯閣大山支脈,花蓮秀林,,,,24.099440952,121.466601531
131,奇萊池山,詩美塔山,3430,,282029,2666362,能高山,9621-2.SW,中央山脈主脊,花蓮秀林,南投仁愛,,,24.100183832,121.323202705
132,奇萊主山,,3560,三等5984,282035.771,2664790.863,能高山,9621-2.SW,中央山脈主脊,花蓮秀林,南投仁愛,,,24.085997438,121.323233713
133,卡羅樓山,,3385,,281470,2664095,能高山,9621-2.SW,中央山脈主脊,花蓮秀林,南投仁愛,,,24.079725938,121.31765377
134,奇萊裡山,杜瓦拉斯山,3333,,279720,2662208,能高山,9621-2.SW,中央山脈主脊,花蓮秀林,南投仁愛,,,24.062722358,121.300403336
135,奇萊主山南峰,,3358,二等1469,277626.055,2662037.126,能高山,9621-2.SW,奇萊南峰支脈,南投仁愛,,,,24.061218511,121.279809324
136,奇萊主山南南峰,深堀山,3311,,277093,2661141,能高山,9621-2.SW,奇萊南峰支脈,南投仁愛,,,,24.053136549,121.274550405
137,南華山,能高山北峰,3184,三等5942,278252.234,2659615.052,能高山,9621-2.SW,中央山脈主脊,南投仁愛,花蓮秀林,,,24.039337319,121.285918303
138,卡賀爾山,,3105,,276661,2655989,能高山,9621-2.SW,中央山脈主脊,南投仁愛,花蓮秀林,,,24.006624595,121.270205381
139,能高山,能高主山,3262,三等5957,275651.408,2654404.485,望台山,9620-1.NW,中央山脈主脊,南投仁愛,花蓮秀林,,,23.992334464,121.26025314
140,能高山南峰,,3349,二等1453,277471.472,2651422.181,望台山,9620-1.NW,中央山脈主脊,南投仁愛,花蓮秀林,,,23.965374463,121.27808308
141,巴沙彎山,奇萊大山,3029,三等6008,281260,2651156,望台山,9620-1.NW,巴沙彎山支脈,花蓮秀林,,,,23.962899037,121.315303394
142,光頭山,知亞干山,3060,三等5956,276853.401,2648388.998,望台山,9620-1.NW,中央山脈主脊,南投仁愛,花蓮秀林,,,23.937997222,121.271952453
143,白石東峰,東白石山,3082,,278196,2644918,望台山,9620-1.NW,中央山脈支脈,花蓮秀林,,,,23.906631849,121.285073299
144,白石,山,3110,三等5955,277148.277,2645016.739,望台山,9620-1.NW,中央山脈主脊,南投仁愛,花蓮萬榮,,,23.90754215,121.274784874
145,安東軍山,安東郡山,3068,一等,276273.117,2641157.719,大安山,9620-1.SW,中央山脈主脊,南投仁愛,花蓮萬榮,,,23.872711958,121.266118041
146,萬東山西峰,火山,3258,三等5966,268068.082,2638836.798,北丹大山,9620-4.SE,干卓萬山支脈,南投仁愛,南投信義,,,23.851873028,121.185522311
147,牧山,,3241,三等5969,265488.856,2640054.355,北丹大山,9620-4.SE,干卓萬山支脈,南投仁愛,南投信義,,,23.862895588,121.160214188
148,干卓萬三岔峰,,3241,,264898,2640290,北丹大山,9620-4.SE,干卓萬山支脈,南投仁愛,南投信義,,,23.865029311,121.154415466
149,干卓萬山,,3284,二等1460,263325.678,2641508.356,奧萬大,9620-4.NE,干卓萬山支脈,南投仁愛,,,,23.876045371,121.138989304
150,干卓萬山東南峰,,3135,,266815,2640959,北丹大山,9620-4.SE,干卓萬山支脈,南投仁愛,,,,23.871050126,121.173245625
151,卓社大山東峰,,3245,,264102,2638387,北丹大山,9620-4.SE,干卓萬山支脈,南投仁愛,南投信義,,,23.847853464,121.146580576
152,雙子山,,3049,三等5976,264553,2637552,北丹大山,9620-4.SE,干卓萬山支脈,南投信義,基點2997M,,,23.840309392,121.150999418
153,卓社大山,,3369,二等1455,260970.104,2636913.081,卓社134,9620-4.SW,干卓萬山支脈,南投仁愛,南投信義,,,23.834570586,121.11582214
154,六順山,,2999,森林,273595,2624740,丹大,9620-3.NE,中央山脈主脊,花蓮萬榮,南投信義,,,23.724508083,121.239549468
155,關門山北峰,,3028,森林,273578,2621446,丹大,9620-3.NE,中央山脈主脊,花蓮萬榮,南投信義,,,23.694764166,121.239328465
156,大石公山,,3030,,272015,2614645,丹大,9620-3.NE,中央山脈主脊,花蓮萬榮,南投信義,,,23.633374973,121.223897527
157,丹大山,,3340,森林,270964,2610994,豐坪溪,9620-3.SE,中央山脈主脊,南投信義,花蓮萬榮,花蓮卓溪,,23.600421232,121.213543089
158,丹大山東峰,,3145,,271984,2611201,豐坪溪,9620-3.SE,丹大山支脈,花蓮萬榮,花蓮卓溪,,,23.602276364,121.223540925
159,大理石峰,,3014,,274153,2611414,豐坪溪,9620-3.SE,丹大山支脈,花蓮萬榮,花蓮卓溪,,,23.604167685,121.244798137
160,阿巴拉山,阿拔子山,3044,,274186,2612148,豐坪溪,9620-3.SE,丹大山支脈,花蓮萬榮,花蓮卓溪,,,23.610795136,121.245133826
161,阿屘那來山,,3061,,274192,2610418,豐坪溪,9620-3.SE,丹大山支脈,花蓮萬榮,花蓮卓溪,,,23.595173274,121.245163576
162,廬利拉駱山,,3175,,269627,2610543,豐坪溪,9620-3.SE,中央山脈主脊,南投信義,花蓮卓溪,,,23.596366185,121.200436035
163,廬利拉駱山西峰,,3123,,268524,2610378,豐坪溪,9620-3.SE,中央山脈主脊,南投信義,花蓮卓溪,,,23.594889813,121.189626249
164,馬路巴拉讓山西峰,,3205,,267412,2609012,豐坪溪,9620-3.SE,內嶺爾山支脈,南投信義,花蓮卓溪,,,23.582567781,121.178713828
165,馬路巴拉讓山,,3255,,267826,2608876,豐坪溪,9620-3.SE,內嶺爾山支脈,花蓮卓溪,,,,23.581334985,121.182768247
166,內嶺爾山,,3275,,269218,2608668,豐坪溪,9620-3.SE,內嶺爾山支脈,花蓮卓溪,,,,23.579440109,121.196403285
167,義西請馬至山,,3245,,264814,2609440,豐坪溪,9620-3.SE,中央山脈主脊,南投信義,花蓮卓溪,,,23.586459812,121.153264672
168,斷稜東山,,3295,,264182,2610354,豐坪溪,9620-3.SE,東郡大山支脈,南投信義,,,,23.59471921,121.147081729
169,斷稜西山,,3313,,263594,2610553,豐坪溪,9620-3.SE,東郡大山支脈,南投信義,,,,23.596521527,121.141322248
170,紅崖山,,3215,森林,263661,2612782,櫧山,9620-3.SW,東郡大山支脈,南投信義,,,,23.616648743,121.142000422
171,紅崖山北峰,,3125,,263652,2613698,櫧山,9620-3.SW,東郡大山支脈,南投信義,,,,23.624920266,121.141921132
172,九華山,,3139,,264333,2614767,櫧山,9620-3.SW,東郡大山支脈,南投信義,,,,23.63456703,121.148606203
173,九華山西峰,,3155,,263489,2614851,櫧山,9620-3.SW,東郡大山支脈,南投信義,,,,23.635333249,121.140334736
174,裡門山,,3335,森林,263285,2610409,櫧山,9620-3.SW,東郡大山支脈,南投信義,,,,23.595223934,121.138293164
175,望崖山,,3307,,262286,2611050,櫧山,9620-3.SW,東郡大山支脈,南投信義,,,,23.601020565,121.128510249
176,天南可蘭山,橫郡山,3404,,262437,2611856,櫧山,9620-3.SW,東郡大山支脈,南投信義,,,,23.608297499,121.129997042
177,可樂可樂安山,尖郡山,3525,,261120,2613668,櫧山,9620-3.SW,東郡大山支脈,南投信義,,,,23.62467008,121.117105866
178,郡東山,,3477,,259988,2614094,櫧山,9620-3.SW,東郡大山支脈,南投信義,,,,23.628524821,121.10601474
179,郡北山,,3454,,260023,2615716,櫧山,9620-3.SW,東郡大山支脈,南投信義,,,,23.643171171,121.106369602
180,東郡大山,卡伊西山,3619,森一等,258566.571,2613894.788,東郡大山,9620-3.NW,東郡大山支脈,南投信義,,,,23.626734837,121.092082282
181,烏達佩山,宇達佩山,3512,,258141,2615646,東郡大山,9620-3.NW,東郡大山支脈,南投信義,,,,23.642550631,121.087921943
182,東巒大山,,3468,,257492,2616323,東郡大山,9620-3.NW,東郡大山支脈,南投信義,,,,23.648667382,121.081564307
183,本鄉山,,3447,,257915,2612190,櫧山,9620-3.SW,東郡大山支脈,南投信義,,,,23.611344297,121.085686411
184,本鄉山西峰,,3061,,255744,2612356,櫧山,9620-3.SW,東郡大山支脈,南投信義,,,,23.612853561,121.064412279
185,櫧山,瓦哈西般山,3437,,257580,2609903,櫧山,9620-3.SW,東郡大山支脈,南投信義,,,,23.590694464,121.082390653
186,無雙山東峰,,3228,,255384,2609990,櫧山,9620-3.SW,東郡大山支脈,南投信義,,,,23.591489997,121.060874529
187,無雙山,馬西柔干山,3185,森林,264995,2609932,櫧山,9620-3.SW,東郡大山支脈,南投信義,,,,23.590900808,121.155043275
188,烏妹浪胖山,,3031,,264823,2607783,豐坪溪,9620-3.SE,中央山脈主脊,南投信義,花蓮卓溪,,,23.571497011,121.15333547
189,僕落西擴山,,3055,,264091,2605875,豐坪溪,9620-3.SE,中央山脈主脊,南投信義,花蓮卓溪,,,23.554274634,121.14614531
190,烏馬克冬山,,3022,,264110,2603625,豐坪溪,9620-3.SE,中央山脈主脊,南投信義,花蓮卓溪,,,23.533956856,121.146308938
191,馬利加南山東峰,,3377,,262986,2601514,豐坪溪,9620-3.SE,中央山脈主脊,南投信義,花蓮卓溪,,,23.514904332,121.135281213
192,馬西山,柏南山,3443,森.2等1680,266940.758,2598068.773,柏南山,9619-4.NE,玉里山支脈,花蓮卓溪,升,一等測量,,23.483755178,121.173966894
193,馬西山北峰,,3185,,266885,2599695,柏南山,9619-4.NE,玉里山支脈,花蓮卓溪,,,,23.498440771,121.173440231
194,喀西帕南山西峰,,3187,,267952,2596306,柏南山,9619-4.NE,玉里山支脈,花蓮卓溪,,,,23.467825785,121.18384497
195,喀西帕南山,卡西巴南山,3276,,268828,2595795,柏南山,9619-4.NE,玉里山支脈,花蓮卓溪,,,,23.463201052,121.192413353
196,喀西帕南山北峰,,3022,,269315,2597710,柏南山,9619-4.NE,玉里山支脈,花蓮卓溪,,,,23.480487749,121.197206078
197,喀西帕南山南峰,,3165,,268651,2594673,柏南山,9619-4.NE,玉里山支脈,花蓮卓溪,,,,23.45307138,121.190666229
198,布干山,,3339,,265529,2596310,柏南山,9619-4.NE,玉里山支脈,花蓮卓溪,,,,23.467888062,121.160126494
199,馬利加南山,塔比拉山,3546,森林,261136,2602253,櫧山,9620-3.SW,中央山脈主脊,花蓮卓溪,南投信義,,,23.521592251,121.117171173
200,馬利加南山北峰,塔比拉北山,3118,,261552,2603883,櫧山,9620-3.SW,中央山脈主脊,南投信義,花蓮卓溪,,,23.53630815,121.121258507
201,馬里亞文路山,,3483,,258606,2601527,櫧山,9620-3.SW,中央山脈主脊,南投信義,花蓮卓溪,,,23.515053079,121.092390548
202,馬里亞文路山東峰,,3444,,259124,2602267,櫧山,9620-3.SW,中央山脈主脊,南投信義,花蓮卓溪,,,23.521732255,121.097467943
203,馬里亞文路山北峰,,3205,,258953,2603243,櫧山,9620-3.SW,中央山脈主脊,南投信義,,,,23.530546655,121.095799734
204,馬博拉斯山,烏拉孟山,3765,森林,256037,2602111,櫧山,9620-3.SW,中央山脈主脊,南投信義,花蓮卓溪,,,23.520339551,121.067236478
205,黃當擴山,,3196,,256157,2605066,櫧山,9620-3.SW,黃當擴山支脈,南投信義,,,,23.547022928,121.068425416
206,黃當擴山中峰,,3172,,256886,2603632,櫧山,9620-3.SW,黃當擴山支脈,南投信義,,,,23.534070501,121.075558424
207,黃當擴山南峰,,3348,,256809,2602814,櫧山,9620-3.SW,黃當擴山支脈,南投信義,,,,23.526684257,121.074800123
208,駒盆山,盆駒山,3022,二等1693,252492,2605216,櫧山,9620-3.SW,駒盆山支脈,南投信義,,,,23.548389088,121.032527806
209,駒盆山中峰,,3109,,253322,2604548,櫧山,9620-3.SW,駒盆山支脈,南投信義,,,,23.542355087,121.040655721
210,駒盆山南峰,,3432,,254287,2602517,櫧山,9620-3.SW,駒盆山支脈,南投信義,,,,23.524012229,121.050100424
211,秀姑巒山,馬霍拉斯山,3800,二等1691,255038,2599503,櫧山,9620-3.SW,中央山脈主脊,南投信義,花蓮卓溪,,,23.496792937,121.057443233
212,太魯那斯山,大魯那斯山,3205,,258022,2597841,大水窟山,9619-4.NW,太魯那斯支稜,花蓮卓溪,,,,23.481771353,121.086650005
213,八通關山東峰,巴奈伊克山,3321,,252390,2599072,大水窟山,9619-4.NW,八通關山支脈,南投信義,,,,23.492908352,121.031515515
214,八通關山,八通關大山,3335,森林,250150,2598771,大水窟山,9619-4.NW,八通關山支脈,南投信義,,,,23.490193173,121.009583926
215,八通關山西峰,,3245,,249596,2598729,玉山,9619-1.NE,八通關山支脈,南投信義,,,,23.489814147,121.004159922
216,大水窟山,,3642,,253116,2596962,大水窟山,9619-4.NW,中央山脈主脊,南投信義,花蓮卓溪,,,23.47385315,121.038618086
217,踯躅山,杜鵑山,3005,,250108,2596715,大水窟山,9619-4.NW,中央山脈支稜,南投信義,,,,23.471627213,121.009171437
218,達芬尖北峰,,3045,,250246,2593880,大水窟山,9619-4.NW,中央山脈支稜,南投信義,,,,23.446026586,121.010520322
219,南大水窟山,,3381,森林,254482,2594412,大水窟山,9619-4.NW,中央山脈支稜,南投信義,花蓮卓溪,,,23.450822341,121.051981376
220,北面山,,3167,,252247,2594098,大水窟山,9619-4.NW,中央山脈支稜,南投信義,,,,23.447992618,121.030105239
221,尖山,達芬尖山,3208,,250507,2592401,大水窟山,9619-4.NW,中央山脈主脊,南投信義,花蓮卓溪,高雄桃源,,23.432670733,121.013073504
222,塔芬山,達芬山,3070,二等1679,251909.406,2589451.854,大水窟山,9619-4.NW,中央山脈主脊,花蓮卓溪,高雄桃源,,,23.406037549,121.026792587
223,塔芬山南峰,,3027,,250780,2588460,大水窟山,9619-4.NW,中央山脈主脊,花蓮卓溪,高雄桃源,,,23.397082374,121.015740969
224,轆轆山東峰,,3445,,249286,2587872,玉山,9519-1.NE,中央山脈主脊,高雄桃源,,,,23.391773376,121.001124015
225,轆轆山,馬江之子山,3279,三等7530,248974.842,2587826.441,玉山,9519-1.NE,中央山脈西側,高雄桃源,,,,23.391361959,120.998079852
226,轆轆山南峰,,3089,,249503,2586921,玉山,9519-1.NE,中央山脈主脊,高雄桃源,花蓮卓溪,,,23.383185573,121.003246793
227,雲峰東北峰,,3255,,247899,2585601,垭口,9519-1.SE,中央山脈主脊,高雄桃源,花蓮卓溪,,,23.371265159,120.987556421
228,雲峰東峰,,3445,,247853,2584236,垭口,9519-1.SE,中央山脈主脊,高雄桃源,花蓮卓溪,,,23.358938788,120.987107648
229,雲峰中鋒,,3515,,247431,2583623,垭口,9519-1.SE,雲峰支脈,高雄桃源,花蓮卓溪,,,23.353402825,120.982980797
230,雲峰,,3564,二等1684,246692.409,258366.78,垭口,9519-1.SE,雲峰支脈,高雄桃源,,,,2.335155226,120.977713181
231,玉穗山,王德山,3045,三等7527,242933,2583733,垭口,9519-1.SE,雲峰支脈,高雄桃源,,,,23.354385192,120.938987503
232,南雙頭山,,3356,,250248,2582797,三叉山,9619-4.SW,中央山脈主脊,高雄桃源,花蓮卓溪,,,23.345944369,121.010531978
233,南雙頭山東峰,東南雙頭山,3335,,251017,2583100,三叉山,9619-4.SW,中央山脈主脊,高雄桃源,花蓮卓溪,,,23.348679864,121.01805316
234,三叉山,霞雪沙山,3496,一等,252103.809,2577397.536,三叉山,9619-4.SW,中央山脈主脊,高雄桃源,花蓮卓溪,台東海端,,23.297183152,121.028671308
235,連理山西峰,,3161,,256738,2578383,三叉山,9619-4.SW,新康山支脈,花蓮卓溪,,,,23.306067407,121.073982015
236,連理山,社卡班山,3136,,259741,2579039,三叉山,9619-4.SW,新康山支脈,花蓮卓溪,,,,23.3119747,121.103347101
237,新仙山,,3124,二等1678,261190,2580021,三叉山,9619-4.SW,新康山支脈,花蓮卓溪,,,,23.320832492,121.117522472
238,新康山,新關山,3331,森林,262199,2579533,三叉山,9619-4.SW,新康山支脈,花蓮卓溪,,,,23.31641799,121.127384404
239,天宮堡壘,,3315,,262265,2579317,三叉山,9619-4.SW,新康山支脈,花蓮卓溪,,,,23.314466916,121.128027871
240,布拉克桑山,武拉姑散山,3025,森林,257225,2570274,利稻,9619-4.SW,布拉克桑支脈,花蓮卓溪,台東海端,,,23.232837714,121.078700419
241,向陽山北峰,向陽北山,3435,,250040,2576706,垭口,9619-3.NW,中央山脈主脊,高雄桃源,台東海端,,,23.290940722,121.008494245
242,向陽山,紅葉山,3603,三等7529,248396.038,2575969.615,垭口,9519-1.SE,中央山脈主脊,高雄桃源,台東海端,,,23.284290939,120.992423304
243,魔保來山,,3295,三等7524,246382,2575703,垭口,9519-1.SE,中央山脈主脊,高雄桃源,台東海端,基點2856M,,23.28188112,120.972735607
244,溪頭山,,3272,,245946,2575251,垭口,9519-1.SE,中央山脈主脊,高雄桃源,台東海端,,,23.27779859,120.968474535
245,關山嶺,,3176,二等1683,245023.229,2574497.875,垭口,9519-1.SE,中央山脈主脊,高雄桃源,台東海端,,,23.270995512,120.959456503
246,塔關山,大關山,3222,三等7535,243152,2572391.224,垭口,9519-1.SE,中央山脈主脊,高雄桃源,台東海端,,,23.251965829,120.941174514
247,恐龍尖,,3435,,243065,2572129,向陽,9519-2.NE,中央山脈主脊,高雄桃源,台東海端,,,23.249597519,120.940325306
248,鷹子嘴山,,3262,,242870,2571650,向陽,9519-2.NE,中央山脈主脊,高雄桃源,台東海端,,,23.245271216,120.938421568
249,關山北峰,中關山,3429,,241625,2571559,向陽,9519-2.NE,中央山脈主脊,高雄桃源,台東海端,,,23.244444209,120.926255098
250,庫哈諾辛山,吳哇挪信山,3116,三等7534,238944.079,2573590.432,垭口,9519-1.SE,庫哈諾辛山支脈,高雄桃源,,,,23.26277436,120.900041956
251,關山,,3668,森二1674,240136.261,2569748.334,向陽,9519-2.NE,中央山脈主脊,高雄桃源,台東海端,,,23.228085634,120.911717058
252,海諾南山,,3175,三等7217,240093.584,2565043.467,向陽,9519-2.NE,中央山脈主脊,高雄桃源,台東海端,,,23.185598323,120.911328084
253,小關山北峰,,3239,,238423,2562318,向陽,9519-2.NE,中央山脈主脊,高雄桃源,台東海端,,,23.160975993,120.895028547
254,小關山,,3249,二等1668,236486.07,2561287.199,桃源,9519-2.NW,中央山脈主脊,高雄桃源,台東海端,,,23.151653604,120.876120104
255,雲水山,,3013,,237668,2559672,桃源,9519-2.NW,中央山脈主脊,高雄桃源,台東海端,基點2871M,,23.137076173,120.887674765
256,馬西巴秀山,,3022,森林,237738,2556268,尖石山,9519-2.SE,中央山脈主脊,高雄桃源,台東海端,基點3020M,,23.106336691,120.888383727
257,卑南主山北峰,,3267,,235238,2551318,卑南主山,9519-2.SW,中央山脈主脊,高雄桃源,台東海端,,,23.061616184,120.864022377
258,卑南主山西峰,,3120,,234964,2549922,卑南主山,9519-2.SW,中央山脈支脈,高雄桃源,,,,23.049007131,120.861361241
259,卑南主山,,3295,一等,236280.233,2550161.55,卑南主山,9519-2.SW,中央山脈主脊,高雄桃源,台東海端,,,23.051181156,120.874203544
260,卑南主山東峰,,3065,,238693,2549991,卑南主山,9519-2.SW,中央山脈支脈,台東海端,台東延平,,,23.049657962,120.897749818
261,卑南主山南峰,,3185,,236857,2548369,卑南主山,9519-2.SW,中央山脈主脊,高雄桃源,,,,23.034997679,120.879846312
262,大武山,北大武山,3092,一等,224645.875,2503213.855,霧頭,9518-2.NW,中央山脈主脊,屏東泰武,台東金峰,,,22.627074756,120.761410035
263,玉山東側副峰,,3945,內補357,244806,2596535,玉山,9519-1.NE,玉山山脈,南投信義,嘉義阿里山,高雄桃源,,23.4699962,120.957269468
